{
  "FedAvg_IID": {
    "accuracy": [
      0.8433333333333334,
      0.9016666666666666,
      0.9177777777777778,
      0.9355555555555556,
      0.9372222222222222,
      0.9394444444444444,
      0.9444444444444444,
      0.9455555555555556,
      0.9483333333333334,
      0.9488888888888889,
      0.955,
      0.9538888888888889,
      0.9544444444444444,
      0.9594444444444444,
      0.9622222222222222,
      0.9627777777777777,
      0.9661111111111111,
      0.9655555555555555,
      0.9655555555555555,
      0.9666666666666667
    ],
    "loss": [
      0.7846464514732361,
      0.43228232115507126,
      0.29234785214066505,
      0.22007764503359795,
      0.18504075426608324,
      0.1605203477665782,
      0.14772065076977015,
      0.1321155447512865,
      0.12629719730466604,
      0.11533728870563209,
      0.1098282397724688,
      0.1053778906352818,
      0.10331439273431897,
      0.1001460226252675,
      0.09492885647341609,
      0.09240170614793897,
      0.09374388679862022,
      0.08832510723732412,
      0.08566353004425764,
      0.08462576300371438
    ],
    "rounds_to_convergence": 2,
    "comm_cost_KB_per_round": 97.19,
    "total_comm_cost_KB": 194.4
  },
  "FedAvg_nonIID": {
    "accuracy": [
      0.5072222222222222,
      0.8461111111111111,
      0.915,
      0.9172222222222223,
      0.9244444444444444,
      0.9116666666666666,
      0.9383333333333334,
      0.9405555555555556,
      0.9427777777777778,
      0.9461111111111111,
      0.9466666666666667,
      0.9466666666666667,
      0.95,
      0.9494444444444444,
      0.9533333333333334,
      0.9538888888888889,
      0.955,
      0.9538888888888889,
      0.9544444444444444,
      0.9572222222222222
    ],
    "loss": [
      1.2946006655693054,
      0.7309079170227051,
      0.5164007171988487,
      0.39548566192388535,
      0.31984251365065575,
      0.27776120230555534,
      0.2513861507177353,
      0.2252080924808979,
      0.2067938968539238,
      0.18820969946682453,
      0.17372435331344604,
      0.1630696915090084,
      0.14643803425133228,
      0.13788927905261517,
      0.13245665188878775,
      0.1247164299711585,
      0.11572342785075307,
      0.11089666606858373,
      0.10612660693004727,
      0.10228592390194535
    ],
    "rounds_to_convergence": 3,
    "comm_cost_KB_per_round": 97.19,
    "total_comm_cost_KB": 291.6
  },
  "FedProx_nonIID": {
    "accuracy": [
      0.6422222222222222,
      0.7733333333333333,
      0.9294444444444444,
      0.9405555555555556,
      0.9461111111111111,
      0.9488888888888889,
      0.95,
      0.9494444444444444,
      0.955,
      0.9566666666666667,
      0.9577777777777777,
      0.9594444444444444,
      0.9522222222222222,
      0.9572222222222222,
      0.9594444444444444,
      0.9605555555555556,
      0.9622222222222222,
      0.9633333333333334,
      0.9633333333333334,
      0.9633333333333334
    ],
    "loss": [
      1.4754114598035812,
      0.9320139810442924,
      0.6423362866044044,
      0.5017086006700993,
      0.408912118524313,
      0.33848539367318153,
      0.28978970646858215,
      0.2541929930448532,
      0.2276244703680277,
      0.20709147676825523,
      0.18900808319449425,
      0.17559407837688923,
      0.15851928293704987,
      0.1458256896585226,
      0.13644812628626823,
      0.13085960410535336,
      0.12161140982061625,
      0.1208534324541688,
      0.11163812968879938,
      0.10800890810787678
    ],
    "rounds_to_convergence": 3,
    "comm_cost_KB_per_round": 97.19,
    "total_comm_cost_KB": 291.6
  },
  "FedProx_IID": {
    "accuracy": [
      0.7661111111111111,
      0.8494444444444444,
      0.9211111111111111,
      0.9327777777777778,
      0.94,
      0.9466666666666667,
      0.9494444444444444,
      0.9533333333333334,
      0.9555555555555556,
      0.9555555555555556,
      0.9588888888888889,
      0.9605555555555556,
      0.9616666666666667,
      0.9627777777777777,
      0.9638888888888889,
      0.9661111111111111,
      0.9666666666666667,
      0.9683333333333334,
      0.9677777777777777,
      0.9688888888888889
    ],
    "loss": [
      0.9952331632375717,
      0.5885596051812172,
      0.4256022460758686,
      0.3352553993463516,
      0.28177541494369507,
      0.24640530906617641,
      0.21718226559460163,
      0.19292637705802917,
      0.17475995421409607,
      0.15449469815939665,
      0.1396852107718587,
      0.12696438375860453,
      0.11704861279577017,
      0.11026537651196122,
      0.10551725747063756,
      0.10022942628711462,
      0.09657866787165403,
      0.0934939137659967,
      0.09318958269432187,
      0.08823934360407293
    ],
    "rounds_to_convergence": 3,
    "comm_cost_KB_per_round": 97.19,
    "total_comm_cost_KB": 291.6
  }
}