{
  "FedAvg_IID": {
    "accuracy": [
      0.8433333333333334,
      0.9016666666666666,
      0.9177777777777778,
      0.9355555555555556,
      0.9372222222222222,
      0.9394444444444444,
      0.9444444444444444,
      0.9455555555555556,
      0.9483333333333334,
      0.9488888888888889,
      0.955,
      0.9538888888888889,
      0.9544444444444444,
      0.9594444444444444,
      0.9622222222222222,
      0.9627777777777777,
      0.9661111111111111,
      0.9655555555555555,
      0.9655555555555555,
      0.9666666666666667
    ],
    "loss": [
      0.7846464514732361,
      0.43228232115507126,
      0.29234785214066505,
      0.22007764503359795,
      0.18504075426608324,
      0.1605203477665782,
      0.14772065076977015,
      0.1321155447512865,
      0.12629719730466604,
      0.11533728870563209,
      0.1098282397724688,
      0.1053778906352818,
      0.10331439273431897,
      0.1001460226252675,
      0.09492885647341609,
      0.09240170614793897,
      0.09374388679862022,
      0.08832510723732412,
      0.08566353004425764,
      0.08462576300371438
    ],
    "rounds_to_convergence": 2,
    "comm_cost_KB_per_round": 97.19,
    "total_comm_cost_KB": 194.4,
    "n_participants": 4
  },
  "FedAvg_nonIID": {
    "accuracy": [
      0.5072222222222222,
      0.8461111111111111,
      0.915,
      0.9172222222222223,
      0.9244444444444444,
      0.9116666666666666,
      0.9383333333333334,
      0.9405555555555556,
      0.9427777777777778,
      0.9461111111111111,
      0.9466666666666667,
      0.9466666666666667,
      0.95,
      0.9494444444444444,
      0.9533333333333334,
      0.9538888888888889,
      0.955,
      0.9538888888888889,
      0.9544444444444444,
      0.9572222222222222
    ],
    "loss": [
      1.2946006655693054,
      0.7309079170227051,
      0.5164007171988487,
      0.39548566192388535,
      0.31984251365065575,
      0.27776120230555534,
      0.2513861507177353,
      0.2252080924808979,
      0.2067938968539238,
      0.18820969946682453,
      0.17372435331344604,
      0.1630696915090084,
      0.14643803425133228,
      0.13788927905261517,
      0.13245665188878775,
      0.1247164299711585,
      0.11572342785075307,
      0.11089666606858373,
      0.10612660693004727,
      0.10228592390194535
    ],
    "rounds_to_convergence": 3,
    "comm_cost_KB_per_round": 97.19,
    "total_comm_cost_KB": 291.6,
    "n_participants": 4
  },
  "FedProx_nonIID": {
    "accuracy": [
      0.6422222222222222,
      0.7733333333333333,
      0.9294444444444444,
      0.9405555555555556,
      0.9461111111111111,
      0.9488888888888889,
      0.95,
      0.9494444444444444,
      0.955,
      0.9566666666666667,
      0.9577777777777777,
      0.9594444444444444,
      0.9522222222222222,
      0.9572222222222222,
      0.9594444444444444,
      0.9605555555555556,
      0.9622222222222222,
      0.9633333333333334,
      0.9633333333333334,
      0.9633333333333334
    ],
    "loss": [
      1.4754114598035812,
      0.9320139810442924,
      0.6423362866044044,
      0.5017086006700993,
      0.408912118524313,
      0.33848539367318153,
      0.28978970646858215,
      0.2541929930448532,
      0.2276244703680277,
      0.20709147676825523,
      0.18900808319449425,
      0.17559407837688923,
      0.15851928293704987,
      0.1458256896585226,
      0.13644812628626823,
      0.13085960410535336,
      0.12161140982061625,
      0.1208534324541688,
      0.11163812968879938,
      0.10800890810787678
    ],
    "rounds_to_convergence": 3,
    "comm_cost_KB_per_round": 97.19,
    "total_comm_cost_KB": 291.6,
    "n_participants": 4
  },
  "FedProx_nonIID_partial": {
    "accuracy": [
      0.65,
      0.6516666666666666,
      0.6544444444444445,
      0.7511111111111111,
      0.91,
      0.91,
      0.9172222222222223,
      0.9333333333333333,
      0.8394444444444444,
      0.92,
      0.9372222222222222,
      0.8544444444444445,
      0.8738888888888889,
      0.8738888888888889,
      0.9027777777777778,
      0.9477777777777778,
      0.9433333333333334,
      0.9477777777777778,
      0.9244444444444444,
      0.9194444444444444
    ],
    "loss": [
      1.3791537880897522,
      0.8571234196424484,
      0.6132764779031277,
      0.483781561255455,
      0.4137522280216217,
      0.3715323843061924,
      0.3440621756017208,
      0.3017556890845299,
      0.29493699595332146,
      0.2606105487793684,
      0.26202660612761974,
      0.23274141177535057,
      0.2373271118849516,
      0.23169596306979656,
      0.19459913484752178,
      0.18122096359729767,
      0.18248112872242928,
      0.17161780036985874,
      0.17407163977622986,
      0.17567511647939682
    ],
    "rounds_to_convergence": 5,
    "comm_cost_KB_per_round": 72.89,
    "total_comm_cost_KB": 364.4,
    "n_participants": 3
  },
  "mu_sensitivity": {
    "0.0": {
      "accuracy": [
        0.6005555555555555,
        0.7655555555555555,
        0.9177777777777778,
        0.9338888888888889,
        0.9405555555555556,
        0.9427777777777778,
        0.9505555555555556,
        0.9488888888888889,
        0.9544444444444444,
        0.9544444444444444,
        0.9583333333333334,
        0.9561111111111111,
        0.9572222222222222,
        0.9622222222222222,
        0.9622222222222222,
        0.9616666666666667,
        0.9616666666666667,
        0.965,
        0.9655555555555555,
        0.9627777777777777
      ],
      "loss": [
        1.3557225167751312,
        0.7418053522706032,
        0.5143686011433601,
        0.40227391198277473,
        0.3254029303789139,
        0.27179117128252983,
        0.2350210528820753,
        0.20711200311779976,
        0.17691611871123314,
        0.155688663944602,
        0.13994815200567245,
        0.1281828759238124,
        0.11856379732489586,
        0.11203565262258053,
        0.10830518789589405,
        0.10111209936439991,
        0.09964483045041561,
        0.09626491600647569,
        0.0940166786313057,
        0.09295295737683773
      ],
      "rounds_to_convergence": 3,
      "final_accuracy": 0.9627777777777777
    },
    "0.01": {
      "accuracy": [
        0.4677777777777778,
        0.8394444444444444,
        0.9183333333333333,
        0.9211111111111111,
        0.9244444444444444,
        0.9272222222222222,
        0.9311111111111111,
        0.9461111111111111,
        0.9361111111111111,
        0.9438888888888889,
        0.9444444444444444,
        0.9483333333333334,
        0.9494444444444444,
        0.9538888888888889,
        0.9505555555555556,
        0.9516666666666667,
        0.9544444444444444,
        0.9561111111111111,
        0.9588888888888889,
        0.9588888888888889
      ],
      "loss": [
        1.3542119264602661,
        0.8469174057245255,
        0.5912301242351532,
        0.44606098160147667,
        0.35638846457004547,
        0.298784326761961,
        0.2618319448083639,
        0.23206662759184837,
        0.2162044420838356,
        0.19465873949229717,
        0.18556566908955574,
        0.16706974059343338,
        0.15348085947334766,
        0.14315710496157408,
        0.13537487294524908,
        0.12700222246348858,
        0.12061133049428463,
        0.12026972696185112,
        0.11200769478455186,
        0.10977639816701412
      ],
      "rounds_to_convergence": 3,
      "final_accuracy": 0.9588888888888889
    },